run_id,te_dc_cc_0-4M,te_dc_cc_0-4F,te_dc_cc_5-14M,te_dc_cc_5-14F,te_dc_cc_15-49M,te_dc_cc_15-49F,te_dc_cc_50-69M,te_dc_cc_50-69F,te_dc_cc_70+M,te_dc_cc_70+F,te_icl_ict_0-4M,te_icl_ict_0-4F,te_icl_ict_5-14M,te_icl_ict_5-14F,te_icl_ict_15-49M,te_icl_ict_15-49F,te_icl_ict_50-69M,te_icl_ict_50-69F,te_icl_ict_70+M,te_icl_ict_70+F,te_icl_cc_0-4M,te_icl_cc_0-4F,te_icl_cc_5-14M,te_icl_cc_5-14F,te_icl_cc_15-49M,te_icl_cc_15-49F,te_icl_cc_50-69M,te_icl_cc_50-69F,te_icl_cc_70+M,te_icl_cc_70+F,te_cc_dc_0-4M,te_cc_dc_0-4F,te_cc_dc_5-14M,te_cc_dc_5-14F,te_cc_dc_15-49M,te_cc_dc_15-49F,te_cc_dc_50-69M,te_cc_dc_50-69F,te_cc_dc_70+M,te_cc_dc_70+F,te_cc_hcc_0-4M,te_cc_hcc_0-4F,te_cc_hcc_5-14M,te_cc_hcc_5-14F,te_cc_hcc_15-49M,te_cc_hcc_15-49F,te_cc_hcc_50-69M,te_cc_hcc_50-69F,te_cc_hcc_70+M,te_cc_hcc_70+F,te_ie_cc_0-4M,te_ie_cc_0-4F,te_ie_cc_5-14M,te_ie_cc_5-14F,te_ie_cc_15-49M,te_ie_cc_15-49F,te_ie_cc_50-69M,te_ie_cc_50-69F,te_ie_cc_70+M,te_ie_cc_70+F,te_m_dc_0-4M,te_m_dc_0-4F,te_m_dc_5-14M,te_m_dc_5-14F,te_m_dc_15-49M,te_m_dc_15-49F,te_m_dc_50-69M,te_m_dc_50-69F,te_m_dc_70+M,te_m_dc_70+F,te_m_hcc_0-4M,te_m_hcc_0-4F,te_m_hcc_5-14M,te_m_hcc_5-14F,te_m_hcc_15-49M,te_m_hcc_15-49F,te_m_hcc_50-69M,te_m_hcc_50-69F,te_m_hcc_70+M,te_m_hcc_70+F,te_ict_hcc_0-4M,te_ict_hcc_0-4F,te_ict_hcc_5-14M,te_ict_hcc_5-14F,te_ict_hcc_15-49M,te_ict_hcc_15-49F,te_ict_hcc_50-69M,te_ict_hcc_50-69F,te_ict_hcc_70+M,te_ict_hcc_70+F,te_ie_hcc_0-4M,te_ie_hcc_0-4F,te_ie_hcc_5-14M,te_ie_hcc_5-14F,te_ie_hcc_15-49M,te_ie_hcc_15-49F,te_ie_hcc_50-69M,te_ie_hcc_50-69F,te_ie_hcc_70+M,te_ie_hcc_70+F,te_icl_hcc_0-4M,te_icl_hcc_0-4F,te_icl_hcc_5-14M,te_icl_hcc_5-14F,te_icl_hcc_15-49M,te_icl_hcc_15-49F,te_icl_hcc_50-69M,te_icl_hcc_50-69F,te_icl_hcc_70+M,te_icl_hcc_70+F,te_dc_hcc_0-4M,te_dc_hcc_0-4F,te_dc_hcc_5-14M,te_dc_hcc_5-14F,te_dc_hcc_15-49M,te_dc_hcc_15-49F,te_dc_hcc_50-69M,te_dc_hcc_50-69F,te_dc_hcc_70+M,te_dc_hcc_70+F,eag_ve_0-4M,eag_ve_0-4F,eag_ve_5-14M,eag_ve_5-14F,eag_ve_15-49M,eag_ve_15-49F,eag_ve_50-69M,eag_ve_50-69F,eag_ve_70+M,eag_ve_70+F,sag_ve_0-4M,sag_ve_0-4F,sag_ve_5-14M,sag_ve_5-14F,sag_ve_15-49M,sag_ve_15-49F,sag_ve_50-69M,sag_ve_50-69F,sag_ve_70+M,sag_ve_70+F,hb3_ve_0-4M,hb3_ve_0-4F,hb3_ve_5-14M,hb3_ve_5-14F,hb3_ve_15-49M,hb3_ve_15-49F,hb3_ve_50-69M,hb3_ve_50-69F,hb3_ve_70+M,hb3_ve_70+F,mav_ve_0-4M,mav_ve_0-4F,mav_ve_5-14M,mav_ve_5-14F,mav_ve_15-49M,mav_ve_15-49F,mav_ve_50-69M,mav_ve_50-69F,mav_ve_70+M,mav_ve_70+F
1,0.20640301996084773,0.20640301996084773,0.1780278048817866,0.1780278048817866,0.17084287434957585,0.17084287434957585,0.13810344436262703,0.13810344436262703,0.1295207855198629,0.1295207855198629,1.7969231818154363,1.7969231818154363,1.565439531714913,1.565439531714913,1.8005543175634822,1.8005543175634822,1.2848283410336716,1.2848283410336716,2.876193898149412,2.876193898149412,0.7278064255283343,0.7278064255283343,0.34468840533390555,0.34468840533390555,0.5855922257219887,0.5855922257219887,0.737344967552711,0.737344967552711,0.47443195189547466,0.47443195189547466,-0.13489165033635447,-0.13489165033635447,0.5403903161202881,0.5403903161202881,0.2535223347380022,0.2535223347380022,0.22424025555677302,0.22424025555677302,0.41583506563564615,0.41583506563564615,0.7241352021812134,0.7241352021812134,0.5988445000921161,0.5988445000921161,0.7812776132291364,0.7812776132291364,0.6803636534678592,0.6803636534678592,0.6605791475285404,0.6605791475285404,0.5036332860798772,0.5036332860798772,0.5485313343456658,0.5485313343456658,0.5053391413819478,0.5053391413819478,0.22436511890587968,0.22436511890587968,0.5215656448881483,0.5215656448881483,0.8058027422494165,0.8058027422494165,0.8603295781371632,0.8603295781371632,0.8272764831520072,0.8272764831520072,0.44431488585899015,0.44431488585899015,0.47235243950143385,0.47235243950143385,0.5671811717812492,0.5671811717812492,0.7230213215254702,0.7230213215254702,0.7716303324574326,0.7716303324574326,0.8198380250188533,0.8198380250188533,0.7795180103888887,0.7795180103888887,1.0034942208558986,1.0034942208558986,0.761235176089764,0.761235176089764,0.8451322164874786,0.8451322164874786,0.7745009932364733,0.7745009932364733,0.7740447551487918,0.7740447551487918,0.8333248119771735,0.8333248119771735,0.7684315030277383,0.7684315030277383,0.6660989825216396,0.6660989825216396,0.6956734460483275,0.6956734460483275,0.7371551731529195,0.7371551731529195,0.8378422043353884,0.8378422043353884,0.7214598487916387,0.7214598487916387,0.6767969417007057,0.6767969417007057,0.7745649517211978,0.7745649517211978,0.757160980742967,0.757160980742967,0.8894660956764412,0.8894660956764412,0.7130645545348061,0.7130645545348061,0.967032328801734,0.967032328801734,0.6733507508874108,0.6733507508874108,0.9104631473603102,0.9104631473603102,0.823770064900991,0.823770064900991,0.0,0.0,0.0,0.0,0.0,0.0,0.0,0.0,0.908082050739563,0.908082050739563,0.0,0.0,0.0,0.0,0.0,0.0,0.0,0.0,1.0011418668017484,1.0011418668017484,0.0,0.0,0.0,0.0,0.0,0.0,0.0,0.0,0.9867906069325418,0.9867906069325418,0.0,0.0,0.0,0.0,0.0,0.0,0.0,0.0
2,0.12749048001988308,0.12749048001988308,0.1070305630964419,0.1070305630964419,0.09133343823503953,0.09133343823503953,0.12194622791673004,0.12194622791673004,0.13108117459082752,0.13108117459082752,3.6379768698392185,3.6379768698392185,0.4013986904377693,0.4013986904377693,2.3124886555860695,2.3124886555860695,3.1263020648205693,3.1263020648205693,0.9628773983075518,0.9628773983075518,0.5309758966060619,0.5309758966060619,0.6284766657221091,0.6284766657221091,0.7995145493876495,0.7995145493876495,0.5877590161515723,0.5877590161515723,0.6300729815120962,0.6300729815120962,0.2807585849281822,0.2807585849281822,0.18362688983976228,0.18362688983976228,0.2881899336174635,0.2881899336174635,0.3156337725893511,0.3156337725893511,0.03884435980101003,0.03884435980101003,0.662967882382359,0.662967882382359,1.1009909636527193,1.1009909636527193,0.8026575947870277,0.8026575947870277,0.5822789210210844,0.5822789210210844,0.8398998956248591,0.8398998956248591,0.6665322458696677,0.6665322458696677,0.7356971477901743,0.7356971477901743,0.5926929112639054,0.5926929112639054,0.4347650120265685,0.4347650120265685,0.365974140960165,0.365974140960165,0.5184589685966305,0.5184589685966305,0.11328902204790348,0.11328902204790348,0.44967703184163965,0.44967703184163965,0.5666973074211127,0.5666973074211127,0.20847931504614192,0.20847931504614192,0.7241175901257025,0.7241175901257025,1.0065104475199476,1.0065104475199476,0.8840642393887161,0.8840642393887161,0.8915650334844408,0.8915650334844408,0.6652655585032612,0.6652655585032612,0.6544182731293696,0.6544182731293696,0.994072375632406,0.994072375632406,0.6175926675133263,0.6175926675133263,0.4890098819123732,0.4890098819123732,0.5535619142421713,0.5535619142421713,0.901202432977787,0.901202432977787,0.7029110444106973,0.7029110444106973,0.7657324257430649,0.7657324257430649,0.9193647193373209,0.9193647193373209,0.6959425714732841,0.6959425714732841,0.7187371979987011,0.7187371979987011,0.74695280683482,0.74695280683482,0.6929914809999608,0.6929914809999608,0.6176197785113453,0.6176197785113453,0.8296642390970084,0.8296642390970084,0.8822970322599673,0.8822970322599673,0.8898770796168077,0.8898770796168077,0.6177223123017214,0.6177223123017214,0.7761427065201245,0.7761427065201245,0.7241196962170096,0.7241196962170096,0.7999298237955162,0.7999298237955162,0.0,0.0,0.0,0.0,0.0,0.0,0.0,0.0,0.9531012676531723,0.9531012676531723,0.0,0.0,0.0,0.0,0.0,0.0,0.0,0.0,0.9973253506241241,0.9973253506241241,0.0,0.0,0.0,0.0,0.0,0.0,0.0,0.0,0.9747645335804721,0.9747645335804721,0.0,0.0,0.0,0.0,0.0,0.0,0.0,0.0
3,0.19042747900532428,0.19042747900532428,0.12466958001597371,0.12466958001597371,0.1475104367498904,0.1475104367498904,0.03187923022584388,0.03187923022584388,0.10807308316593864,0.10807308316593864,4.102885081061624,4.102885081061624,0.4804412034066896,0.4804412034066896,0.8420428156550737,0.8420428156550737,0.9611237106765149,0.9611237106765149,2.5104007033746294,2.5104007033746294,0.7480335831714362,0.7480335831714362,0.7845339319869722,0.7845339319869722,0.42125399782405487,0.42125399782405487,0.5187227178396565,0.5187227178396565,0.6469199166236677,0.6469199166236677,0.19724524859708942,0.19724524859708942,0.6965759101705753,0.6965759101705753,0.37314915686659234,0.37314915686659234,0.4054974419346517,0.4054974419346517,0.3063698575215866,0.3063698575215866,0.8198363252620423,0.8198363252620423,0.6528358312043842,0.6528358312043842,0.8758002706089312,0.8758002706089312,0.9022676680207229,0.9022676680207229,0.5411640753500419,0.5411640753500419,0.3577791640906529,0.3577791640906529,0.5099042348939549,0.5099042348939549,0.52202393640749,0.52202393640749,0.49283965946603975,0.49283965946603975,0.53117969546314,0.53117969546314,0.6589835350864948,0.6589835350864948,0.8658375770970044,0.8658375770970044,0.2933828957344108,0.2933828957344108,0.5226071433353398,0.5226071433353398,0.2767157234384714,0.2767157234384714,0.7905790896649154,0.7905790896649154,0.43430814417363806,0.43430814417363806,0.7488706988992939,0.7488706988992939,0.6069408317943012,0.6069408317943012,0.8782865365696082,0.8782865365696082,0.5651291570698973,0.5651291570698973,0.6596139471626603,0.6596139471626603,0.7159515359686366,0.7159515359686366,0.6926835960713765,0.6926835960713765,0.7106070080401596,0.7106070080401596,0.6175575941322887,0.6175575941322887,0.7661767577820681,0.7661767577820681,0.652468463024763,0.652468463024763,0.7143084728683198,0.7143084728683198,0.6418795680811045,0.6418795680811045,0.8152905446478164,0.8152905446478164,0.7743708560730878,0.7743708560730878,0.6807046104754252,0.6807046104754252,0.8636789954930458,0.8636789954930458,0.534883654592596,0.534883654592596,0.7765133411926163,0.7765133411926163,0.763798920790898,0.763798920790898,0.6184147005458095,0.6184147005458095,0.7417392195426418,0.7417392195426418,0.5289920163967627,0.5289920163967627,0.9245694690285092,0.9245694690285092,0.0,0.0,0.0,0.0,0.0,0.0,0.0,0.0,1.0102533974760672,1.0102533974760672,0.0,0.0,0.0,0.0,0.0,0.0,0.0,0.0,0.9610113661411659,0.9610113661411659,0.0,0.0,0.0,0.0,0.0,0.0,0.0,0.0,1.0027971025376543,1.0027971025376543,0.0,0.0,0.0,0.0,0.0,0.0,0.0,0.0
4,0.11337940159336321,0.11337940159336321,0.17356146618198073,0.17356146618198073,0.05165536887608965,0.05165536887608965,0.0786961745085652,0.0786961745085652,0.1378953905969454,0.1378953905969454,2.160359391890508,2.160359391890508,1.6630760672634397,1.6630760672634397,2.666953070791489,2.666953070791489,2.526242848578466,2.526242848578466,3.2504262998041726,3.2504262998041726,0.7312815826997094,0.7312815826997094,0.3362513124258185,0.3362513124258185,0.5361585784505966,0.5361585784505966,0.35501235159419886,0.35501235159419886,0.6944750052052721,0.6944750052052721,0.43207591957680136,0.43207591957680136,0.3086134257384299,0.3086134257384299,0.5991711095734227,0.5991711095734227,0.3865414652165773,0.3865414652165773,0.22579945844849364,0.22579945844849364,0.9465341675948924,0.9465341675948924,0.6468111047522183,0.6468111047522183,0.8274193548025074,0.8274193548025074,0.6531178498413709,0.6531178498413709,0.6090896990056659,0.6090896990056659,0.3049051296166382,0.3049051296166382,0.44976850362258036,0.44976850362258036,0.6395636249669385,0.6395636249669385,0.4857934505457882,0.4857934505457882,0.5744352037916626,0.5744352037916626,0.5723092770135376,0.5723092770135376,0.7932395344531522,0.7932395344531522,0.31373243457928734,0.31373243457928734,0.596859762960398,0.596859762960398,0.46172426011306683,0.46172426011306683,0.6581206590345733,0.6581206590345733,0.5985118104679124,0.5985118104679124,0.7847067790843176,0.7847067790843176,0.9549453281044014,0.9549453281044014,0.8448611820334568,0.8448611820334568,0.48871603853057144,0.48871603853057144,0.7742695838230186,0.7742695838230186,0.7007224890340664,0.7007224890340664,0.6038480581593361,0.6038480581593361,0.7161345694056227,0.7161345694056227,0.8493714638365863,0.8493714638365863,0.6371640260336016,0.6371640260336016,0.8352218590919955,0.8352218590919955,0.8391921580076906,0.8391921580076906,0.6911799827766992,0.6911799827766992,0.5876693091888028,0.5876693091888028,0.6768264284338694,0.6768264284338694,0.6942102331067133,0.6942102331067133,0.770468250159959,0.770468250159959,0.8136736810731834,0.8136736810731834,0.8704212652569809,0.8704212652569809,0.7883749511813122,0.7883749511813122,0.532366747993909,0.532366747993909,0.8321693966530223,0.8321693966530223,0.6530931455916906,0.6530931455916906,0.7034058398416547,0.7034058398416547,0.0,0.0,0.0,0.0,0.0,0.0,0.0,0.0,1.0230615875090725,1.0230615875090725,0.0,0.0,0.0,0.0,0.0,0.0,0.0,0.0,0.9309715638786025,0.9309715638786025,0.0,0.0,0.0,0.0,0.0,0.0,0.0,0.0,1.0022030528448567,1.0022030528448567,0.0,0.0,0.0,0.0,0.0,0.0,0.0,0.0
5,0.24072766919663935,0.24072766919663935,0.1326595621781611,0.1326595621781611,0.09707778888820952,0.09707778888820952,0.12827009307760429,0.12827009307760429,0.12013886966520987,0.12013886966520987,2.2211095547506527,2.2211095547506527,1.660419599328256,1.660419599328256,2.537340164302113,2.537340164302113,2.8555391586587002,2.8555391586587002,3.621627655607697,3.621627655607697,0.4851733519281326,0.4851733519281326,0.6358357019721925,0.6358357019721925,0.3150078297001692,0.3150078297001692,0.6765277431872784,0.6765277431872784,0.41918912885575005,0.41918912885575005,0.15400304416785146,0.15400304416785146,0.22269914553893727,0.22269914553893727,0.3553399011443664,0.3553399011443664,0.301903455745223,0.301903455745223,0.38846138067701497,0.38846138067701497,0.4770516354167141,0.4770516354167141,0.7362467502217387,0.7362467502217387,0.7371033855714205,0.7371033855714205,0.6925349322648401,0.6925349322648401,0.7855428299544123,0.7855428299544123,0.5453785894500253,0.5453785894500253,0.6959585062046736,0.6959585062046736,0.7193611992193731,0.7193611992193731,0.5569576357477397,0.5569576357477397,0.5093342162632686,0.5093342162632686,0.7219260785243741,0.7219260785243741,0.23920388413148613,0.23920388413148613,0.7621135340742784,0.7621135340742784,0.08859866568353203,0.08859866568353203,0.2602029872042655,0.2602029872042655,0.688501508970214,0.688501508970214,0.8300073516075384,0.8300073516075384,0.7348048530242831,0.7348048530242831,0.6715161151216025,0.6715161151216025,1.006981078670715,1.006981078670715,0.6791063345772947,0.6791063345772947,0.748973952781795,0.748973952781795,0.7156638746816885,0.7156638746816885,0.45858379162834517,0.45858379162834517,0.7809222965945263,0.7809222965945263,0.7284016788326051,0.7284016788326051,0.8566335124562611,0.8566335124562611,0.6921685075969828,0.6921685075969828,0.6417250499593583,0.6417250499593583,0.8021034687650523,0.8021034687650523,0.9146438686243783,0.9146438686243783,0.7205056171015625,0.7205056171015625,0.7897184655090984,0.7897184655090984,0.7570529729390505,0.7570529729390505,0.773149051293703,0.773149051293703,0.8665537697715401,0.8665537697715401,0.8558619716435097,0.8558619716435097,0.7244580892045962,0.7244580892045962,0.4780062588525181,0.4780062588525181,0.7442598299985373,0.7442598299985373,0.7677485534078536,0.7677485534078536,0.0,0.0,0.0,0.0,0.0,0.0,0.0,0.0,0.9058250135709294,0.9058250135709294,0.0,0.0,0.0,0.0,0.0,0.0,0.0,0.0,0.9791239724216017,0.9791239724216017,0.0,0.0,0.0,0.0,0.0,0.0,0.0,0.0,0.9564920898703947,0.9564920898703947,0.0,0.0,0.0,0.0,0.0,0.0,0.0,0.0
6,0.030677472068689524,0.030677472068689524,0.10439761166879116,0.10439761166879116,0.028951355678428117,0.028951355678428117,0.1771911135060433,0.1771911135060433,0.18382530616702103,0.18382530616702103,3.250845009030246,3.250845009030246,1.1527520878742272,1.1527520878742272,1.1657820532153713,1.1657820532153713,1.1678146780121088,1.1678146780121088,-0.22717264562455064,-0.22717264562455064,0.6125782147561875,0.6125782147561875,0.7180274849903597,0.7180274849903597,0.7420909530189275,0.7420909530189275,0.4630989497514302,0.4630989497514302,0.4949590335562402,0.4949590335562402,0.8817197448626142,0.8817197448626142,0.6071993224876391,0.6071993224876391,0.5484954866991654,0.5484954866991654,0.33371765777977513,0.33371765777977513,0.04935072765192966,0.04935072765192966,0.8482554157490751,0.8482554157490751,0.8401022059061541,0.8401022059061541,1.022311949923215,1.022311949923215,0.9718082260062808,0.9718082260062808,0.8410345221861383,0.8410345221861383,0.4896994281872783,0.4896994281872783,0.6683568763268471,0.6683568763268471,0.43032206617583757,0.43032206617583757,0.44624442608400183,0.44624442608400183,0.539121613029578,0.539121613029578,0.6725526730444349,0.6725526730444349,0.2696629744759439,0.2696629744759439,0.2639534751401436,0.2639534751401436,0.8044752391506822,0.8044752391506822,0.36680743646409897,0.36680743646409897,0.6108483692307141,0.6108483692307141,0.94405693426674,0.94405693426674,0.7942954712594489,0.7942954712594489,0.7075677250319796,0.7075677250319796,0.9057025245013055,0.9057025245013055,0.6926905558730269,0.6926905558730269,0.6182410276220058,0.6182410276220058,0.6207373384632562,0.6207373384632562,1.0263086887452715,1.0263086887452715,0.5380283622726983,0.5380283622726983,0.9238093128268433,0.9238093128268433,0.6028257691310205,0.6028257691310205,0.7094370967636345,0.7094370967636345,0.8844420740093676,0.8844420740093676,0.6822650734472637,0.6822650734472637,0.6943671837613449,0.6943671837613449,0.6336574444506206,0.6336574444506206,0.8481882878221604,0.8481882878221604,0.9418182277018405,0.9418182277018405,0.7655674829204271,0.7655674829204271,0.7340829618556353,0.7340829618556353,0.533326222742875,0.533326222742875,0.6706718820088016,0.6706718820088016,0.5157956325258809,0.5157956325258809,0.5989954352867665,0.5989954352867665,0.8112877726039711,0.8112877726039711,0.0,0.0,0.0,0.0,0.0,0.0,0.0,0.0,1.0602945050402786,1.0602945050402786,0.0,0.0,0.0,0.0,0.0,0.0,0.0,0.0,0.9860505609585851,0.9860505609585851,0.0,0.0,0.0,0.0,0.0,0.0,0.0,0.0,0.977504927727565,0.977504927727565,0.0,0.0,0.0,0.0,0.0,0.0,0.0,0.0
7,0.15397857658327493,0.15397857658327493,0.1907670735138552,0.1907670735138552,0.090470752194199,0.090470752194199,0.21990856288303234,0.21990856288303234,0.14584126523254076,0.14584126523254076,3.295709842173445,3.295709842173445,2.0065958119891354,2.0065958119891354,4.007200958479206,4.007200958479206,2.84077325304765,2.84077325304765,1.214501157218101,1.214501157218101,0.6224472020624187,0.6224472020624187,0.46688868528818495,0.46688868528818495,0.6843560058925735,0.6843560058925735,0.5653351520463901,0.5653351520463901,0.5116788587815251,0.5116788587815251,0.24960960802970744,0.24960960802970744,0.2077022061908008,0.2077022061908008,0.492983661791366,0.492983661791366,0.5440124790837391,0.5440124790837391,0.27711739537248964,0.27711739537248964,0.6551053501819163,0.6551053501819163,0.83503749403171,0.83503749403171,0.9140646327208404,0.9140646327208404,0.41140764623833537,0.41140764623833537,0.5392961493440732,0.5392961493440732,0.706885541860955,0.706885541860955,0.6186809242524903,0.6186809242524903,0.5121616390236264,0.5121616390236264,0.6697860972134737,0.6697860972134737,0.382761127540814,0.382761127540814,0.460477117853881,0.460477117853881,0.181107491930592,0.181107491930592,0.9692692542388304,0.9692692542388304,0.8672270761282515,0.8672270761282515,0.49238517470545207,0.49238517470545207,0.3896781897805993,0.3896781897805993,0.5909424976739336,0.5909424976739336,0.7170383897390947,0.7170383897390947,0.696818229724495,0.696818229724495,0.6083842033409945,0.6083842033409945,0.8034441279041603,0.8034441279041603,0.7012762693277026,0.7012762693277026,0.9096589960276342,0.9096589960276342,0.7008484255241338,0.7008484255241338,0.5962290543258089,0.5962290543258089,0.7292547517443674,0.7292547517443674,0.7363798813788227,0.7363798813788227,0.7321397254157946,0.7321397254157946,0.5588840894159033,0.5588840894159033,0.8825993828699332,0.8825993828699332,0.7990546096140662,0.7990546096140662,0.6376920498529278,0.6376920498529278,0.8861438696565235,0.8861438696565235,0.8592680224607535,0.8592680224607535,0.7889556695474675,0.7889556695474675,0.8219847423460828,0.8219847423460828,0.6994977528498802,0.6994977528498802,0.6174597333911447,0.6174597333911447,0.7407341902325423,0.7407341902325423,0.8495691658140216,0.8495691658140216,0.8633645848036119,0.8633645848036119,0.0,0.0,0.0,0.0,0.0,0.0,0.0,0.0,0.9736947754607457,0.9736947754607457,0.0,0.0,0.0,0.0,0.0,0.0,0.0,0.0,0.9706906313065643,0.9706906313065643,0.0,0.0,0.0,0.0,0.0,0.0,0.0,0.0,0.9909398414014488,0.9909398414014488,0.0,0.0,0.0,0.0,0.0,0.0,0.0,0.0
8,0.14386025104581024,0.14386025104581024,0.10368281097946724,0.10368281097946724,0.1640278279597704,0.1640278279597704,0.08457442990421753,0.08457442990421753,0.1750914731289799,0.1750914731289799,2.804462455671012,2.804462455671012,1.2141257429320436,1.2141257429320436,1.2455327816747812,1.2455327816747812,1.7034326965495081,1.7034326965495081,0.07220516770571095,0.07220516770571095,0.5682189144654618,0.5682189144654618,0.30848337701681233,0.30848337701681233,0.5574005868853728,0.5574005868853728,0.5807104060977258,0.5807104060977258,0.5683101540937305,0.5683101540937305,0.16755508726999782,0.16755508726999782,0.5387300979000719,0.5387300979000719,0.5339917369554099,0.5339917369554099,0.46825269052922214,0.46825269052922214,0.2528505894422338,0.2528505894422338,0.9559088547810353,0.9559088547810353,1.0191528266227061,1.0191528266227061,0.713843317322983,0.713843317322983,0.5791828819379478,0.5791828819379478,0.8186207040490796,0.8186207040490796,0.6701835878040147,0.6701835878040147,0.3315703003588625,0.3315703003588625,0.6417192537785402,0.6417192537785402,0.6037657100315665,0.6037657100315665,0.38061107842973974,0.38061107842973974,0.6224732800924403,0.6224732800924403,0.7330020765646557,0.7330020765646557,0.4655837442527594,0.4655837442527594,0.6083910140462624,0.6083910140462624,1.0302885741921126,1.0302885741921126,0.9300383930437206,0.9300383930437206,0.6303308083643087,0.6303308083643087,0.6294216985175557,0.6294216985175557,0.8119838355862026,0.8119838355862026,0.5841993208944298,0.5841993208944298,0.780934841611576,0.780934841611576,0.7140446306027889,0.7140446306027889,0.739527790112691,0.739527790112691,0.7243890288889977,0.7243890288889977,0.6080715337622408,0.6080715337622408,0.9267240641551224,0.9267240641551224,0.7279013344518381,0.7279013344518381,0.7188873177368762,0.7188873177368762,0.7839110639682564,0.7839110639682564,0.7264314314247706,0.7264314314247706,0.7860802305612106,0.7860802305612106,0.7462551929477866,0.7462551929477866,0.9549637608986767,0.9549637608986767,0.8192377835693694,0.8192377835693694,0.6543779973752356,0.6543779973752356,0.6355321143398023,0.6355321143398023,0.5621360736325594,0.5621360736325594,0.816447324173986,0.816447324173986,0.8107503062771599,0.8107503062771599,0.6296615954362351,0.6296615954362351,0.9402005308717513,0.9402005308717513,0.0,0.0,0.0,0.0,0.0,0.0,0.0,0.0,0.9144796693666769,0.9144796693666769,0.0,0.0,0.0,0.0,0.0,0.0,0.0,0.0,0.9279148580636417,0.9279148580636417,0.0,0.0,0.0,0.0,0.0,0.0,0.0,0.0,0.988111389100178,0.988111389100178,0.0,0.0,0.0,0.0,0.0,0.0,0.0,0.0
9,0.1828641236292677,0.1828641236292677,0.0959225312159257,0.0959225312159257,0.09270916377030625,0.09270916377030625,0.1277044985551456,0.1277044985551456,0.09742437140155374,0.09742437140155374,3.4588558047254137,3.4588558047254137,1.8020495327867172,1.8020495327867172,2.8154940113542235,2.8154940113542235,0.2459418932112929,0.2459418932112929,2.232906883952028,2.232906883952028,0.6070366080860174,0.6070366080860174,0.5991104229825609,0.5991104229825609,0.731820527927596,0.731820527927596,0.49965903272902673,0.49965903272902673,0.5425140927803215,0.5425140927803215,0.30653397872531624,0.30653397872531624,0.20351306662772706,0.20351306662772706,0.1497730583397296,0.1497730583397296,0.2923834468509548,0.2923834468509548,0.1528029596812432,0.1528029596812432,0.8336039434133261,0.8336039434133261,0.5197497531844402,0.5197497531844402,0.7036682784883221,0.7036682784883221,0.7171627263296823,0.7171627263296823,0.6697925382190237,0.6697925382190237,0.5831157700913435,0.5831157700913435,0.5916733422926803,0.5916733422926803,0.5634599230668906,0.5634599230668906,0.3971840554550475,0.3971840554550475,0.6858895803977321,0.6858895803977321,0.21505975653305398,0.21505975653305398,0.6081693118837254,0.6081693118837254,0.9177088712971486,0.9177088712971486,0.23558317653922956,0.23558317653922956,0.7494769649665539,0.7494769649665539,0.6329140147224601,0.6329140147224601,0.7846494144339259,0.7846494144339259,0.8466933541244093,0.8466933541244093,0.7624815429437896,0.7624815429437896,0.8805972448726508,0.8805972448726508,0.8931229576164763,0.8931229576164763,0.7763859074614031,0.7763859074614031,0.6773213389094905,0.6773213389094905,0.6077278245704723,0.6077278245704723,0.8221291760148317,0.8221291760148317,0.8855548934952111,0.8855548934952111,0.7409757893171555,0.7409757893171555,0.6895688714237551,0.6895688714237551,0.5909579771096558,0.5909579771096558,0.6905783196700863,0.6905783196700863,0.8577295708786812,0.8577295708786812,0.8436317609222466,0.8436317609222466,0.7505862403562602,0.7505862403562602,0.7744066597684856,0.7744066597684856,0.8470198154267332,0.8470198154267332,0.7515612058289534,0.7515612058289534,0.6134982274798754,0.6134982274798754,1.038341515598668,1.038341515598668,0.6243683765290856,0.6243683765290856,0.6283046040693943,0.6283046040693943,0.795870189958289,0.795870189958289,0.0,0.0,0.0,0.0,0.0,0.0,0.0,0.0,0.9557827122825122,0.9557827122825122,0.0,0.0,0.0,0.0,0.0,0.0,0.0,0.0,0.9499813321864861,0.9499813321864861,0.0,0.0,0.0,0.0,0.0,0.0,0.0,0.0,0.9652767832574414,0.9652767832574414,0.0,0.0,0.0,0.0,0.0,0.0,0.0,0.0
10,0.15732738185554837,0.15732738185554837,0.07721071339456632,0.07721071339456632,0.15693430447246762,0.15693430447246762,0.1017022315319934,0.1017022315319934,0.20482038122725554,0.20482038122725554,2.2724564784711996,2.2724564784711996,0.9341933044047075,0.9341933044047075,2.0496828443277346,2.0496828443277346,0.185982421406085,0.185982421406085,3.0632589389449976,3.0632589389449976,0.5275619636619141,0.5275619636619141,0.4675039429148713,0.4675039429148713,0.44958686466320474,0.44958686466320474,0.5183579525474846,0.5183579525474846,0.6535056423716864,0.6535056423716864,0.21828487739169045,0.21828487739169045,0.3004302995955604,0.3004302995955604,0.3743675309984539,0.3743675309984539,0.44310178094174224,0.44310178094174224,0.29469760151634644,0.29469760151634644,0.9835750793627909,0.9835750793627909,0.6539839029820341,0.6539839029820341,0.8944259441203368,0.8944259441203368,0.6904082004951596,0.6904082004951596,0.6648384017679919,0.6648384017679919,0.6205693537367694,0.6205693537367694,0.530944412495651,0.530944412495651,0.503561393332604,0.503561393332604,0.5195980917017997,0.5195980917017997,0.583709483771396,0.583709483771396,0.19099004825914068,0.19099004825914068,0.19147004562340392,0.19147004562340392,0.10544823885080179,0.10544823885080179,-0.06680409299881063,-0.06680409299881063,0.7823917544722951,0.7823917544722951,0.736450966315508,0.736450966315508,0.5407818170692982,0.5407818170692982,0.7193082648615722,0.7193082648615722,0.6935552189624923,0.6935552189624923,0.6280079252690058,0.6280079252690058,0.5984611609201881,0.5984611609201881,0.7789547533963623,0.7789547533963623,0.7521552481761251,0.7521552481761251,0.6038690650691717,0.6038690650691717,0.64604071590827,0.64604071590827,0.8201170142297635,0.8201170142297635,0.7014109257327575,0.7014109257327575,0.896212001228326,0.896212001228326,0.8596541203723304,0.8596541203723304,0.643671913390451,0.643671913390451,0.9489483936292398,0.9489483936292398,0.803723389300126,0.803723389300126,0.7346391081688948,0.7346391081688948,0.933016504722339,0.933016504722339,0.8186808351019479,0.8186808351019479,0.8096607214581155,0.8096607214581155,0.6442623585334488,0.6442623585334488,0.620145943701157,0.620145943701157,0.9207171846671732,0.9207171846671732,0.745128305334244,0.745128305334244,0.7513499188335546,0.7513499188335546,0.0,0.0,0.0,0.0,0.0,0.0,0.0,0.0,0.9225859760256918,0.9225859760256918,0.0,0.0,0.0,0.0,0.0,0.0,0.0,0.0,0.9134248785725329,0.9134248785725329,0.0,0.0,0.0,0.0,0.0,0.0,0.0,0.0,0.9691980883596416,0.9691980883596416,0.0,0.0,0.0,0.0,0.0,0.0,0.0,0.0
11,0.11643130359602284,0.11643130359602284,0.08583957180395872,0.08583957180395872,0.09621367754996521,0.09621367754996521,0.21406607456121318,0.21406607456121318,0.17013965839763973,0.17013965839763973,2.0212862012909096,2.0212862012909096,2.011867156216762,2.011867156216762,1.3109532882049075,1.3109532882049075,1.4625233523166297,1.4625233523166297,2.1184816465347023,2.1184816465347023,0.7235242331109714,0.7235242331109714,0.6747487960083001,0.6747487960083001,0.5657309972374466,0.5657309972374466,0.6241450133876073,0.6241450133876073,0.628038181774782,0.628038181774782,0.596821378585604,0.596821378585604,0.2886528797950986,0.2886528797950986,0.1516189872656631,0.1516189872656631,0.3788770465973823,0.3788770465973823,0.2600701295036866,0.2600701295036866,0.8047658677944453,0.8047658677944453,0.9106441975464081,0.9106441975464081,0.7473564376023516,0.7473564376023516,0.6603177286806042,0.6603177286806042,0.8385119539073236,0.8385119539073236,0.8293521655530371,0.8293521655530371,0.4166666760307396,0.4166666760307396,0.35515419837099865,0.35515419837099865,0.430069209669628,0.430069209669628,0.6203078481305422,0.6203078481305422,0.77118589053048,0.77118589053048,0.5916728626973766,0.5916728626973766,0.0954522730237321,0.0954522730237321,0.7225332517701801,0.7225332517701801,1.0260667439363145,1.0260667439363145,0.9354711276364178,0.9354711276364178,0.6559280683947466,0.6559280683947466,0.6577259082188776,0.6577259082188776,0.5421683544895362,0.5421683544895362,0.7253488267716839,0.7253488267716839,0.7405726680899416,0.7405726680899416,0.6046298274263033,0.6046298274263033,0.75064614280842,0.75064614280842,0.892322183827126,0.892322183827126,0.9838923567310898,0.9838923567310898,0.7370163837258611,0.7370163837258611,0.7013020402060833,0.7013020402060833,0.6202090881615954,0.6202090881615954,0.6575412639415068,0.6575412639415068,0.6639010219217694,0.6639010219217694,0.6734891941929443,0.6734891941929443,0.7780342378926249,0.7780342378926249,0.6288742559731086,0.6288742559731086,0.6194496940299026,0.6194496940299026,0.5744542844279269,0.5744542844279269,0.840045139586418,0.840045139586418,0.8047024845388462,0.8047024845388462,0.9472218559597076,0.9472218559597076,0.6661470455737326,0.6661470455737326,0.740377722059461,0.740377722059461,0.8035624096562458,0.8035624096562458,0.0,0.0,0.0,0.0,0.0,0.0,0.0,0.0,1.0049701423820496,1.0049701423820496,0.0,0.0,0.0,0.0,0.0,0.0,0.0,0.0,0.9662634076843261,0.9662634076843261,0.0,0.0,0.0,0.0,0.0,0.0,0.0,0.0,1.0078566324841849,1.0078566324841849,0.0,0.0,0.0,0.0,0.0,0.0,0.0,0.0
12,0.10857416155546326,0.10857416155546326,0.1864948735609076,0.1864948735609076,0.19141922285560187,0.19141922285560187,0.19913533697904012,0.19913533697904012,0.16962406224722704,0.16962406224722704,2.3888393848522727,2.3888393848522727,1.767343710334068,1.767343710334068,4.692639044927725,4.692639044927725,3.492270185689578,3.492270185689578,1.4118935463333941,1.4118935463333941,0.47253955636069356,0.47253955636069356,0.4691963375260896,0.4691963375260896,0.47367504285652284,0.47367504285652284,0.6419759206598277,0.6419759206598277,0.5305120582955074,0.5305120582955074,0.06885567382753482,0.06885567382753482,0.2869417318336198,0.2869417318336198,0.3440980834403115,0.3440980834403115,0.40315864350012265,0.40315864350012265,0.5247793407049626,0.5247793407049626,0.6014970457937238,0.6014970457937238,0.8246870759339885,0.8246870759339885,0.7751773809578009,0.7751773809578009,0.695822082191582,0.695822082191582,0.7094579199559842,0.7094579199559842,0.5051705872698812,0.5051705872698812,0.3469529288854271,0.3469529288854271,0.600000642112356,0.600000642112356,0.46477008851215307,0.46477008851215307,0.6306110346663782,0.6306110346663782,0.5535643847822747,0.5535643847822747,0.4594743527112931,0.4594743527112931,0.3768983795639661,0.3768983795639661,0.5848873821323001,0.5848873821323001,0.0332962808017373,0.0332962808017373,0.6302574659370519,0.6302574659370519,0.6436596893183624,0.6436596893183624,0.8024278047873501,0.8024278047873501,1.02986877583802,1.02986877583802,0.5592714908795953,0.5592714908795953,0.7655375134635813,0.7655375134635813,0.7183062081952983,0.7183062081952983,0.8842441466163619,0.8842441466163619,0.8754251143358126,0.8754251143358126,0.34855081952321987,0.34855081952321987,0.5383171624130607,0.5383171624130607,0.750934651692597,0.750934651692597,0.6588661793391813,0.6588661793391813,0.604891032385631,0.604891032385631,0.578396079720613,0.578396079720613,0.8620205653274517,0.8620205653274517,1.1645089000071178,1.1645089000071178,0.7200023367852567,0.7200023367852567,0.6757657538515737,0.6757657538515737,0.8198955831872279,0.8198955831872279,0.8263558710358844,0.8263558710358844,0.7192762019071152,0.7192762019071152,0.4936021472760244,0.4936021472760244,0.990549331839093,0.990549331839093,0.6095508823275719,0.6095508823275719,0.7691910619329232,0.7691910619329232,0.0,0.0,0.0,0.0,0.0,0.0,0.0,0.0,0.9171297611869113,0.9171297611869113,0.0,0.0,0.0,0.0,0.0,0.0,0.0,0.0,0.9098608458202461,0.9098608458202461,0.0,0.0,0.0,0.0,0.0,0.0,0.0,0.0,0.9530321274504683,0.9530321274504683,0.0,0.0,0.0,0.0,0.0,0.0,0.0,0.0
13,0.14268874625774794,0.14268874625774794,0.12120902156251115,0.12120902156251115,0.09435355838657919,0.09435355838657919,0.07890631792357237,0.07890631792357237,0.11702665123679923,0.11702665123679923,1.3128798414066327,1.3128798414066327,1.706726644749273,1.706726644749273,1.5369219924505837,1.5369219924505837,1.0306883619959648,1.0306883619959648,0.1371588564141213,0.1371588564141213,0.5476170425793443,0.5476170425793443,0.47264072731020723,0.47264072731020723,0.5918669605342498,0.5918669605342498,0.5702138325893855,0.5702138325893855,0.4334105233773283,0.4334105233773283,0.4755119276356601,0.4755119276356601,0.44334267127327365,0.44334267127327365,0.5077923112599652,0.5077923112599652,0.11872745776166238,0.11872745776166238,-0.048534950056796755,-0.048534950056796755,0.7202323301695313,0.7202323301695313,0.8216472745251279,0.8216472745251279,0.8753380557317916,0.8753380557317916,0.7335486196483079,0.7335486196483079,0.7415980052349413,0.7415980052349413,0.5947327417924966,0.5947327417924966,0.8096320657437269,0.8096320657437269,0.42360685828503525,0.42360685828503525,0.6266272682787422,0.6266272682787422,0.5360522046156472,0.5360522046156472,0.6007705637741472,0.6007705637741472,0.30506158056155896,0.30506158056155896,0.5864221666294394,0.5864221666294394,-0.10416640526301402,-0.10416640526301402,0.6192567768574124,0.6192567768574124,0.902006596580497,0.902006596580497,0.6034863428847507,0.6034863428847507,0.7425555771015416,0.7425555771015416,0.7507801835661273,0.7507801835661273,0.7014403221107411,0.7014403221107411,0.7722962748435541,0.7722962748435541,0.7729825402894648,0.7729825402894648,0.6525961435011565,0.6525961435011565,0.8638598482981015,0.8638598482981015,0.6956925569965525,0.6956925569965525,0.7855240289739482,0.7855240289739482,0.882857210834151,0.882857210834151,0.7938656704323599,0.7938656704323599,0.5654978547726326,0.5654978547726326,0.7717210501504778,0.7717210501504778,0.6410797877621158,0.6410797877621158,0.5834841016209737,0.5834841016209737,0.6710350247142445,0.6710350247142445,0.7573855552600487,0.7573855552600487,0.5639668157662425,0.5639668157662425,0.47186983569540014,0.47186983569540014,0.8303451533054031,0.8303451533054031,0.6543835235708351,0.6543835235708351,0.8104047399195067,0.8104047399195067,0.8826437167891189,0.8826437167891189,0.7162843007984776,0.7162843007984776,0.0,0.0,0.0,0.0,0.0,0.0,0.0,0.0,0.9057793830499197,0.9057793830499197,0.0,0.0,0.0,0.0,0.0,0.0,0.0,0.0,0.9109784420476537,0.9109784420476537,0.0,0.0,0.0,0.0,0.0,0.0,0.0,0.0,0.9892698881357745,0.9892698881357745,0.0,0.0,0.0,0.0,0.0,0.0,0.0,0.0
14,0.14282627999394606,0.14282627999394606,0.19003063393929312,0.19003063393929312,0.20681491331104251,0.20681491331104251,0.15563545991442562,0.15563545991442562,0.1462974845130758,0.1462974845130758,1.7460668647999738,1.7460668647999738,3.5020847555453267,3.5020847555453267,2.906513302626851,2.906513302626851,2.590426176551776,2.590426176551776,2.802221404664825,2.802221404664825,0.46810674458426466,0.46810674458426466,0.6864188964023481,0.6864188964023481,0.5138135785656209,0.5138135785656209,0.6556133674802826,0.6556133674802826,0.5331952078868164,0.5331952078868164,0.31314231068894255,0.31314231068894255,0.5751985897871335,0.5751985897871335,0.34505997600679233,0.34505997600679233,0.22566888875329438,0.22566888875329438,0.2858898111617484,0.2858898111617484,0.6095473007508008,0.6095473007508008,0.8134758807335548,0.8134758807335548,0.6848173429094957,0.6848173429094957,0.6806348039187217,0.6806348039187217,0.7743670000923571,0.7743670000923571,0.6925250466820987,0.6925250466820987,0.5801666826370275,0.5801666826370275,0.5698019065984714,0.5698019065984714,0.6010462023638007,0.6010462023638007,0.637825805979088,0.637825805979088,0.20978199322054913,0.20978199322054913,-0.038172025171424706,-0.038172025171424706,0.5230505804419279,0.5230505804419279,0.33678511242673753,0.33678511242673753,0.3871795191785551,0.3871795191785551,0.7089520128335768,0.7089520128335768,0.9954811501847236,0.9954811501847236,0.7114452310620584,0.7114452310620584,0.8522472703027966,0.8522472703027966,0.8290459973705315,0.8290459973705315,0.6124001207417324,0.6124001207417324,0.6007490929447786,0.6007490929447786,0.7170141009965898,0.7170141009965898,0.5787297195125708,0.5787297195125708,0.43154748100142315,0.43154748100142315,1.1126508877846222,1.1126508877846222,0.7993618357645128,0.7993618357645128,1.026319015230566,1.026319015230566,0.7618657353808947,0.7618657353808947,0.5682772335060904,0.5682772335060904,0.8624548262068354,0.8624548262068354,0.529369227098882,0.529369227098882,0.7718296330068016,0.7718296330068016,0.5527386680567201,0.5527386680567201,0.8597385338303611,0.8597385338303611,0.504546242827038,0.504546242827038,0.7177886134506357,0.7177886134506357,0.6845137672587923,0.6845137672587923,0.7871005180026379,0.7871005180026379,0.6275070364643458,0.6275070364643458,0.775298808859391,0.775298808859391,0.0,0.0,0.0,0.0,0.0,0.0,0.0,0.0,0.9952059804568597,0.9952059804568597,0.0,0.0,0.0,0.0,0.0,0.0,0.0,0.0,0.9450450493515146,0.9450450493515146,0.0,0.0,0.0,0.0,0.0,0.0,0.0,0.0,0.9578523625573363,0.9578523625573363,0.0,0.0,0.0,0.0,0.0,0.0,0.0,0.0
15,0.16692447941538552,0.16692447941538552,0.18973653888850076,0.18973653888850076,0.14154314030975293,0.14154314030975293,0.1399242852284785,0.1399242852284785,0.12421576016975855,0.12421576016975855,2.9258236123630086,2.9258236123630086,2.0132957454036133,2.0132957454036133,1.863837787664687,1.863837787664687,1.032558624304181,1.032558624304181,2.89378784570226,2.89378784570226,0.6826693526855576,0.6826693526855576,0.6131585319418379,0.6131585319418379,0.4522360894824004,0.4522360894824004,0.5677958351928022,0.5677958351928022,0.6070436189209859,0.6070436189209859,0.015293133183276963,0.015293133183276963,0.3716563030407709,0.3716563030407709,0.20267270146856042,0.20267270146856042,0.28217698913100747,0.28217698913100747,0.31992829917861004,0.31992829917861004,0.756674076580074,0.756674076580074,0.6515406930429806,0.6515406930429806,0.6135076329901624,0.6135076329901624,0.8800202897560259,0.8800202897560259,0.8188231588987077,0.8188231588987077,0.6170784483476105,0.6170784483476105,0.468426767318224,0.468426767318224,0.47967551088853305,0.47967551088853305,0.6343806756415287,0.6343806756415287,0.6128192917483241,0.6128192917483241,0.5291572982043868,0.5291572982043868,0.669557884957548,0.669557884957548,0.8185574336094329,0.8185574336094329,0.7129333020345183,0.7129333020345183,0.40381505258328876,0.40381505258328876,0.9404677315191597,0.9404677315191597,0.7863830693973064,0.7863830693973064,0.5982767783426131,0.5982767783426131,0.7995427698659439,0.7995427698659439,0.7675477238242409,0.7675477238242409,0.8347699921409957,0.8347699921409957,0.7963405761269586,0.7963405761269586,0.7555928733503824,0.7555928733503824,0.7837187758685416,0.7837187758685416,0.7026576428850556,0.7026576428850556,0.9756327772987735,0.9756327772987735,0.5263278882233131,0.5263278882233131,0.7925662229300661,0.7925662229300661,0.5969861204701135,0.5969861204701135,0.6677664944104094,0.6677664944104094,0.7963213502174877,0.7963213502174877,0.6218564287107742,0.6218564287107742,0.8695582359094031,0.8695582359094031,0.6390968000530264,0.6390968000530264,0.7294402338692347,0.7294402338692347,0.7377580418718048,0.7377580418718048,0.8658416410830602,0.8658416410830602,0.788146358175464,0.788146358175464,1.004702084608366,1.004702084608366,0.593442331124502,0.593442331124502,0.6859094527771009,0.6859094527771009,0.0,0.0,0.0,0.0,0.0,0.0,0.0,0.0,0.9500996779194277,0.9500996779194277,0.0,0.0,0.0,0.0,0.0,0.0,0.0,0.0,0.9433434608077438,0.9433434608077438,0.0,0.0,0.0,0.0,0.0,0.0,0.0,0.0,0.9706713572166791,0.9706713572166791,0.0,0.0,0.0,0.0,0.0,0.0,0.0,0.0
16,0.11135650553253676,0.11135650553253676,0.12590320994745563,0.12590320994745563,0.24479942099788848,0.24479942099788848,0.0833303712053463,0.0833303712053463,0.16936885265575077,0.16936885265575077,1.5129165542498972,1.5129165542498972,3.3399386535571454,3.3399386535571454,0.17167393267303366,0.17167393267303366,0.4309492881711541,0.4309492881711541,-0.621771364637405,-0.621771364637405,0.5426791328859196,0.5426791328859196,0.71271538233526,0.71271538233526,0.4173860187184474,0.4173860187184474,0.6358771043145632,0.6358771043145632,0.5326252907455689,0.5326252907455689,0.4025402566466731,0.4025402566466731,0.48790552514183955,0.48790552514183955,0.5288014994290571,0.5288014994290571,0.45961214663342614,0.45961214663342614,0.09451473384534165,0.09451473384534165,0.6658930824322717,0.6658930824322717,0.7860047256847942,0.7860047256847942,0.8313440489776662,0.8313440489776662,0.856949377630678,0.856949377630678,0.6125796231030065,0.6125796231030065,0.43801266253688836,0.43801266253688836,0.5870974071654274,0.5870974071654274,0.5511049868520805,0.5511049868520805,0.5710058889426326,0.5710058889426326,0.37785882268945914,0.37785882268945914,0.4388579392284506,0.4388579392284506,0.6503827285456368,0.6503827285456368,0.6246662630843036,0.6246662630843036,0.6343742931936219,0.6343742931936219,0.4034191476826656,0.4034191476826656,0.840007886204202,0.840007886204202,0.8693625233605122,0.8693625233605122,0.7153708152367085,0.7153708152367085,0.6378061392097453,0.6378061392097453,0.578977389952601,0.578977389952601,0.8515788153506749,0.8515788153506749,0.7537973976167514,0.7537973976167514,0.7688458410100495,0.7688458410100495,0.7251093862299685,0.7251093862299685,0.6695936826469898,0.6695936826469898,0.6022897843844317,0.6022897843844317,0.9150186572224395,0.9150186572224395,0.7102897188950368,0.7102897188950368,0.8248339775455212,0.8248339775455212,0.6344717323650544,0.6344717323650544,0.8036017552050783,0.8036017552050783,0.7063906275491433,0.7063906275491433,0.7063927137191117,0.7063927137191117,0.7723113215346024,0.7723113215346024,0.906302735098874,0.906302735098874,0.632295983531568,0.632295983531568,0.7245279848930168,0.7245279848930168,0.6868202127878575,0.6868202127878575,0.7945750010718957,0.7945750010718957,0.7824172352638753,0.7824172352638753,0.5724655596674415,0.5724655596674415,0.0,0.0,0.0,0.0,0.0,0.0,0.0,0.0,0.9475275341103174,0.9475275341103174,0.0,0.0,0.0,0.0,0.0,0.0,0.0,0.0,0.9943169301146138,0.9943169301146138,0.0,0.0,0.0,0.0,0.0,0.0,0.0,0.0,0.9756760716887386,0.9756760716887386,0.0,0.0,0.0,0.0,0.0,0.0,0.0,0.0
17,0.1851725534425022,0.1851725534425022,0.04113134237783517,0.04113134237783517,0.2669423431327494,0.2669423431327494,0.16593853023208877,0.16593853023208877,0.052186235066685155,0.052186235066685155,0.6760319429429122,0.6760319429429122,2.02557932944989,2.02557932944989,1.9016713428819916,1.9016713428819916,1.2405750887002291,1.2405750887002291,0.5767118635064572,0.5767118635064572,0.46411908477744246,0.46411908477744246,0.316546566786167,0.316546566786167,0.6670523356921428,0.6670523356921428,0.5093245280590223,0.5093245280590223,0.46701982882716014,0.46701982882716014,0.4056329861729099,0.4056329861729099,0.36784840996321494,0.36784840996321494,0.23035879308229992,0.23035879308229992,0.37037339430617267,0.37037339430617267,0.3695906638375972,0.3695906638375972,0.6954347979725809,0.6954347979725809,0.688593989051732,0.688593989051732,0.7333804073196957,0.7333804073196957,0.7544594897833953,0.7544594897833953,0.8294701357589209,0.8294701357589209,0.4823445887109926,0.4823445887109926,0.6451098928151409,0.6451098928151409,0.5588208277874034,0.5588208277874034,0.6461379282051583,0.6461379282051583,0.47776330179158544,0.47776330179158544,0.6828532513128153,0.6828532513128153,0.2846921094915097,0.2846921094915097,0.3835957188852275,0.3835957188852275,0.9071177043453509,0.9071177043453509,0.5316394602311193,0.5316394602311193,0.8701371684276837,0.8701371684276837,0.8107093944271997,0.8107093944271997,0.5459746801077245,0.5459746801077245,0.5029853493672739,0.5029853493672739,0.7042117872758749,0.7042117872758749,0.8574477590492866,0.8574477590492866,0.6984865613655198,0.6984865613655198,0.8428442888810529,0.8428442888810529,0.611984070558735,0.611984070558735,0.6714989209362415,0.6714989209362415,0.5947952562007937,0.5947952562007937,0.6632702860739801,0.6632702860739801,0.7590172487355974,0.7590172487355974,0.7956729562440242,0.7956729562440242,0.8428337835259372,0.8428337835259372,0.7765328979470917,0.7765328979470917,0.7871530343769042,0.7871530343769042,0.701063953520928,0.701063953520928,0.7417845656650137,0.7417845656650137,0.7868975965068048,0.7868975965068048,0.6909504746821312,0.6909504746821312,0.687333826685767,0.687333826685767,0.7790014497381843,0.7790014497381843,0.846801017958039,0.846801017958039,0.7982368009584643,0.7982368009584643,0.7560075698067807,0.7560075698067807,0.0,0.0,0.0,0.0,0.0,0.0,0.0,0.0,0.9405902423982287,0.9405902423982287,0.0,0.0,0.0,0.0,0.0,0.0,0.0,0.0,0.9433085059046664,0.9433085059046664,0.0,0.0,0.0,0.0,0.0,0.0,0.0,0.0,0.9522021622196122,0.9522021622196122,0.0,0.0,0.0,0.0,0.0,0.0,0.0,0.0
18,0.21890010466105486,0.21890010466105486,0.10910530813590136,0.10910530813590136,0.15694400875196712,0.15694400875196712,0.1558339842253037,0.1558339842253037,0.29591673178411637,0.29591673178411637,2.928603704770753,2.928603704770753,1.8495756564919503,1.8495756564919503,2.95582921891097,2.95582921891097,1.4026559454845855,1.4026559454845855,1.9170749446524256,1.9170749446524256,0.7098192380944541,0.7098192380944541,0.6655875560187856,0.6655875560187856,0.494312850509833,0.494312850509833,0.7045134593273028,0.7045134593273028,0.44445271936527075,0.44445271936527075,0.24697902917848547,0.24697902917848547,0.20365690940152628,0.20365690940152628,0.4817636830279306,0.4817636830279306,0.4236426451721105,0.4236426451721105,0.09608728992413965,0.09608728992413965,0.7176050329698995,0.7176050329698995,0.8080487140232574,0.8080487140232574,0.7489090797436389,0.7489090797436389,0.8152793976185461,0.8152793976185461,0.6145488836421075,0.6145488836421075,0.7336918341459878,0.7336918341459878,0.3924231345568508,0.3924231345568508,0.6816208438659414,0.6816208438659414,0.5074902257830172,0.5074902257830172,0.7209362106423122,0.7209362106423122,0.16703529943196327,0.16703529943196327,0.28872691497887915,0.28872691497887915,0.10413124582974748,0.10413124582974748,0.6214323246045574,0.6214323246045574,0.7586078908038091,0.7586078908038091,0.7885567794062751,0.7885567794062751,0.6371312010822748,0.6371312010822748,0.9026168754578214,0.9026168754578214,0.7743976130910356,0.7743976130910356,0.7203189847930908,0.7203189847930908,0.6638333234657838,0.6638333234657838,0.7532543608827812,0.7532543608827812,0.7352420770093393,0.7352420770093393,0.7714427781048656,0.7714427781048656,0.9113004916659476,0.9113004916659476,0.8967735810507267,0.8967735810507267,0.8623664878649077,0.8623664878649077,0.5927173975324218,0.5927173975324218,0.6099547000495606,0.6099547000495606,0.742959998724979,0.742959998724979,0.8793600043905794,0.8793600043905794,0.6407373883615481,0.6407373883615481,0.683372663650428,0.683372663650428,0.8430852332350374,0.8430852332350374,0.633727822513202,0.633727822513202,0.8445686150763135,0.8445686150763135,0.9055290710900938,0.9055290710900938,0.6855408414091175,0.6855408414091175,0.720109743451559,0.720109743451559,0.8499298712986842,0.8499298712986842,0.7883321861321407,0.7883321861321407,0.0,0.0,0.0,0.0,0.0,0.0,0.0,0.0,0.9333026406294458,0.9333026406294458,0.0,0.0,0.0,0.0,0.0,0.0,0.0,0.0,0.9633125600862402,0.9633125600862402,0.0,0.0,0.0,0.0,0.0,0.0,0.0,0.0,0.9490713856386528,0.9490713856386528,0.0,0.0,0.0,0.0,0.0,0.0,0.0,0.0
19,0.09269104032336757,0.09269104032336757,0.23459213673463286,0.23459213673463286,0.17866123641357898,0.17866123641357898,0.11682146100651616,0.11682146100651616,0.06757294132542929,0.06757294132542929,2.8044011864483753,2.8044011864483753,1.945908971049044,1.945908971049044,3.4288271369424628,3.4288271369424628,0.7001477045566906,0.7001477045566906,1.4856465478508902,1.4856465478508902,0.469327214322793,0.469327214322793,0.592541161284406,0.592541161284406,0.5954982990187185,0.5954982990187185,0.6655889072147713,0.6655889072147713,0.5930557769410285,0.5930557769410285,0.40291608653322464,0.40291608653322464,0.49622103978420673,0.49622103978420673,0.4434966063426237,0.4434966063426237,0.3952794284653818,0.3952794284653818,0.23466897012160648,0.23466897012160648,0.7150825002396463,0.7150825002396463,0.5343443221493497,0.5343443221493497,1.0906264264710717,1.0906264264710717,0.5260275346801697,0.5260275346801697,0.7522716030037814,0.7522716030037814,0.603211580566534,0.603211580566534,0.5315035920393226,0.5315035920393226,0.515648390955609,0.515648390955609,0.3721436709903955,0.3721436709903955,0.4093101984951531,0.4093101984951531,0.5508050367322281,0.5508050367322281,0.9136464923498182,0.9136464923498182,0.4365713906067829,0.4365713906067829,0.24546360382779303,0.24546360382779303,0.31325926557222783,0.31325926557222783,0.6744919920725425,0.6744919920725425,0.8433984501416704,0.8433984501416704,0.5847121273241274,0.5847121273241274,0.8010449735903473,0.8010449735903473,0.7315895759003338,0.7315895759003338,0.8629320845207403,0.8629320845207403,0.7886305266307384,0.7886305266307384,0.6419629355431495,0.6419629355431495,0.7962490718974089,0.7962490718974089,0.8067041057701374,0.8067041057701374,0.6812787469616836,0.6812787469616836,0.8708853838449966,0.8708853838449966,0.6032203623616805,0.6032203623616805,0.6922036861351343,0.6922036861351343,0.4730657607020219,0.4730657607020219,0.7302483903746234,0.7302483903746234,0.8327827971695201,0.8327827971695201,0.7813476057850179,0.7813476057850179,0.9634032844648328,0.9634032844648328,0.6464310197602247,0.6464310197602247,0.6472181803981505,0.6472181803981505,0.9993714209631184,0.9993714209631184,0.9449916978121584,0.9449916978121584,0.6755503505148811,0.6755503505148811,0.8105618471918756,0.8105618471918756,0.7477325854845988,0.7477325854845988,0.0,0.0,0.0,0.0,0.0,0.0,0.0,0.0,0.9430455747559725,0.9430455747559725,0.0,0.0,0.0,0.0,0.0,0.0,0.0,0.0,0.9601311919162947,0.9601311919162947,0.0,0.0,0.0,0.0,0.0,0.0,0.0,0.0,0.9356433460579405,0.9356433460579405,0.0,0.0,0.0,0.0,0.0,0.0,0.0,0.0
20,0.1126907161658808,0.1126907161658808,0.21068798993244786,0.21068798993244786,0.09435227557011658,0.09435227557011658,0.16766497014565282,0.16766497014565282,0.17368905598363513,0.17368905598363513,2.6462069038683174,2.6462069038683174,1.6613879688935156,1.6613879688935156,3.4159203573904873,3.4159203573904873,2.012840686540761,2.012840686540761,2.084001610018724,2.084001610018724,0.5101861722372302,0.5101861722372302,0.7422542956043534,0.7422542956043534,0.47287941745911277,0.47287941745911277,0.5045086661487234,0.5045086661487234,0.5348451092028353,0.5348451092028353,0.3239891326089906,0.3239891326089906,0.12243099471233318,0.12243099471233318,0.3353116321154515,0.3353116321154515,0.45578090011921063,0.45578090011921063,0.27756586074067613,0.27756586074067613,0.794685421820795,0.794685421820795,0.6474186300525901,0.6474186300525901,0.829881756487149,0.829881756487149,0.5830465808292605,0.5830465808292605,0.7045683905094775,0.7045683905094775,0.6057714908451826,0.6057714908451826,0.32776236443987694,0.32776236443987694,0.53699193646258,0.53699193646258,0.36818800805856067,0.36818800805856067,0.5684857606569251,0.5684857606569251,1.1574345283650218,1.1574345283650218,0.3311703017103875,0.3311703017103875,0.4471909360296293,0.4471909360296293,0.2970543448241234,0.2970543448241234,0.35573800484632234,0.35573800484632234,0.7611941390595334,0.7611941390595334,0.7568772630944807,0.7568772630944807,0.7683469860053265,0.7683469860053265,0.9485975190256754,0.9485975190256754,0.6479394169474566,0.6479394169474566,0.8655200769885104,0.8655200769885104,0.7592008130261724,0.7592008130261724,0.9199662275481781,0.9199662275481781,0.6332206231024649,0.6332206231024649,0.7723203461630658,0.7723203461630658,0.7867153012978734,0.7867153012978734,0.9505508418962645,0.9505508418962645,0.7713537003248715,0.7713537003248715,0.8458292916360922,0.8458292916360922,0.7769868289054815,0.7769868289054815,0.7459308870817615,0.7459308870817615,0.6976811240800649,0.6976811240800649,0.6119430271780645,0.6119430271780645,0.7668485164677294,0.7668485164677294,0.734185102271742,0.734185102271742,0.6718792850664754,0.6718792850664754,0.7569395084254202,0.7569395084254202,0.7390332672598044,0.7390332672598044,0.7848095045256855,0.7848095045256855,0.6416461248244175,0.6416461248244175,0.8314175372368386,0.8314175372368386,0.0,0.0,0.0,0.0,0.0,0.0,0.0,0.0,0.9385956214732335,0.9385956214732335,0.0,0.0,0.0,0.0,0.0,0.0,0.0,0.0,0.9884546029345934,0.9884546029345934,0.0,0.0,0.0,0.0,0.0,0.0,0.0,0.0,1.0209396189213598,1.0209396189213598,0.0,0.0,0.0,0.0,0.0,0.0,0.0,0.0
21,0.1316878242887235,0.1316878242887235,0.1764546106603763,0.1764546106603763,0.21208386393321801,0.21208386393321801,0.04347080428282088,0.04347080428282088,0.20989514190681913,0.20989514190681913,2.3401193585572932,2.3401193585572932,2.1602515511278124,2.1602515511278124,3.963083635744937,3.963083635744937,1.405603635736761,1.405603635736761,0.6691879609025877,0.6691879609025877,0.6127607162196763,0.6127607162196763,0.5845456445244579,0.5845456445244579,0.5887600230530429,0.5887600230530429,0.7584096760904779,0.7584096760904779,0.37836839986195686,0.37836839986195686,0.01738601590801042,0.01738601590801042,0.21166793843300666,0.21166793843300666,0.39412089086790325,0.39412089086790325,0.3426733887012833,0.3426733887012833,0.10432554662556279,0.10432554662556279,0.544282763003941,0.544282763003941,0.7494207930715737,0.7494207930715737,0.6169523042561075,0.6169523042561075,0.6503834991277917,0.6503834991277917,0.6562118035429757,0.6562118035429757,0.3870179986714007,0.3870179986714007,0.7123839607905973,0.7123839607905973,0.7528650733643354,0.7528650733643354,0.5143393660116112,0.5143393660116112,0.36934257637669654,0.36934257637669654,0.8784707691008107,0.8784707691008107,0.5672884407481659,0.5672884407481659,0.48257483387297584,0.48257483387297584,0.5068585224827492,0.5068585224827492,0.2751672523697717,0.2751672523697717,0.6114118214380029,0.6114118214380029,0.9183027888681559,0.9183027888681559,0.961683193508713,0.961683193508713,0.7016802180684909,0.7016802180684909,0.7596187310331362,0.7596187310331362,0.754822084206441,0.754822084206441,1.0005451514737607,1.0005451514737607,0.7094610930660483,0.7094610930660483,0.757902137062418,0.757902137062418,0.7546686203821014,0.7546686203821014,0.6825164693237527,0.6825164693237527,0.7959619931150147,0.7959619931150147,0.6739322608819017,0.6739322608819017,0.663173627332729,0.663173627332729,1.0088335384799674,1.0088335384799674,0.6022675729297379,0.6022675729297379,0.8306362377652037,0.8306362377652037,0.9033752634128396,0.9033752634128396,0.656627268710177,0.656627268710177,0.6341224016947258,0.6341224016947258,0.8298106292950983,0.8298106292950983,0.5537039063805216,0.5537039063805216,0.8721203157685188,0.8721203157685188,0.9224635575690043,0.9224635575690043,0.8012621398230604,0.8012621398230604,0.7275620930300912,0.7275620930300912,0.0,0.0,0.0,0.0,0.0,0.0,0.0,0.0,1.022288513836276,1.022288513836276,0.0,0.0,0.0,0.0,0.0,0.0,0.0,0.0,0.9498750842966687,0.9498750842966687,0.0,0.0,0.0,0.0,0.0,0.0,0.0,0.0,0.9649053441917402,0.9649053441917402,0.0,0.0,0.0,0.0,0.0,0.0,0.0,0.0
22,0.11909901757356833,0.11909901757356833,0.1227597491466773,0.1227597491466773,0.18938343133384267,0.18938343133384267,0.14039521355012197,0.14039521355012197,0.17627908134006873,0.17627908134006873,3.347205196626822,3.347205196626822,3.1129159680774867,3.1129159680774867,2.173602978418449,2.173602978418449,1.6808449943106445,1.6808449943106445,2.257613253100928,2.257613253100928,0.4134974642077613,0.4134974642077613,0.5494397445784117,0.5494397445784117,0.8212915656461666,0.8212915656461666,0.6501948230026291,0.6501948230026291,0.6499488998287196,0.6499488998287196,0.5384022089559536,0.5384022089559536,0.42016678963711995,0.42016678963711995,0.22800216899652823,0.22800216899652823,0.4890782396580927,0.4890782396580927,0.36168736874187685,0.36168736874187685,0.7963885921302248,0.7963885921302248,0.7022510741892037,0.7022510741892037,0.5179775994319245,0.5179775994319245,0.9666435402879396,0.9666435402879396,0.721154186922508,0.721154186922508,0.37793613819551447,0.37793613819551447,0.5405668534067541,0.5405668534067541,0.5239777209395676,0.5239777209395676,0.7940705501796954,0.7940705501796954,0.7069736724858083,0.7069736724858083,0.5531075586908182,0.5531075586908182,0.7570020426064719,0.7570020426064719,0.5594056341538531,0.5594056341538531,0.3872868372160884,0.3872868372160884,0.19596125387468805,0.19596125387468805,0.8587585442140574,0.8587585442140574,0.6446576508395833,0.6446576508395833,0.7491239203078659,0.7491239203078659,0.9702646272021275,0.9702646272021275,0.7598871657675665,0.7598871657675665,0.7473479461385918,0.7473479461385918,0.7585935590961874,0.7585935590961874,0.995028643194256,0.995028643194256,0.7997620927036689,0.7997620927036689,0.8533677272171746,0.8533677272171746,0.6452957711759503,0.6452957711759503,0.4781803475159895,0.4781803475159895,0.8101117970323457,0.8101117970323457,0.6540453952894197,0.6540453952894197,0.8470332881223535,0.8470332881223535,0.6830349572615276,0.6830349572615276,0.4619190913635574,0.4619190913635574,0.6571584264922069,0.6571584264922069,0.7336834194895744,0.7336834194895744,0.8141526623974388,0.8141526623974388,0.839860647600575,0.839860647600575,0.9247616519059422,0.9247616519059422,0.5921747618235329,0.5921747618235329,0.6823164054499874,0.6823164054499874,0.8739359966591539,0.8739359966591539,0.8257936009342415,0.8257936009342415,0.0,0.0,0.0,0.0,0.0,0.0,0.0,0.0,0.9115318105377379,0.9115318105377379,0.0,0.0,0.0,0.0,0.0,0.0,0.0,0.0,0.9472520607603229,0.9472520607603229,0.0,0.0,0.0,0.0,0.0,0.0,0.0,0.0,0.9725808954759834,0.9725808954759834,0.0,0.0,0.0,0.0,0.0,0.0,0.0,0.0
23,0.16083323335059518,0.16083323335059518,0.17635026998705386,0.17635026998705386,0.16720332752528358,0.16720332752528358,0.1754496512503501,0.1754496512503501,0.13258026689496388,0.13258026689496388,0.930981582443511,0.930981582443511,1.9231939791205628,1.9231939791205628,2.9237189426235717,2.9237189426235717,-0.29045704039376563,-0.29045704039376563,1.20659372227353,1.20659372227353,0.412315933343237,0.412315933343237,0.49080741440111336,0.49080741440111336,0.5354362803447796,0.5354362803447796,0.6029197704746081,0.6029197704746081,0.6276212604340631,0.6276212604340631,0.2384568774745977,0.2384568774745977,0.16440413724349803,0.16440413724349803,0.3732757231154652,0.3732757231154652,0.3723535833919422,0.3723535833919422,0.3612674826776618,0.3612674826776618,0.9611523940770144,0.9611523940770144,0.7959325412665988,0.7959325412665988,0.8807286960601546,0.8807286960601546,0.7791737670389194,0.7791737670389194,0.8366955991505796,0.8366955991505796,0.4275078573127714,0.4275078573127714,0.6058974079214091,0.6058974079214091,0.5490003456415372,0.5490003456415372,0.29189260709064674,0.29189260709064674,0.5703957554532214,0.5703957554532214,0.845068611734619,0.845068611734619,0.5560276170751847,0.5560276170751847,0.7233520446424522,0.7233520446424522,0.24061139136899146,0.24061139136899146,0.6552923737732653,0.6552923737732653,0.7291073435991934,0.7291073435991934,0.7630472787744135,0.7630472787744135,0.5894196616273516,0.5894196616273516,0.6436459375647763,0.6436459375647763,0.6712479868627282,0.6712479868627282,0.7683041491827058,0.7683041491827058,1.0090879305013325,1.0090879305013325,0.7880321521525241,0.7880321521525241,0.8976389802286029,0.8976389802286029,0.7527381859653487,0.7527381859653487,0.7611295811485816,0.7611295811485816,0.8278960896244858,0.8278960896244858,0.8318715824118337,0.8318715824118337,0.6529202583171594,0.6529202583171594,0.59845344686753,0.59845344686753,0.8297244813944654,0.8297244813944654,0.8502798009818834,0.8502798009818834,0.7938548710784255,0.7938548710784255,0.7912642351586733,0.7912642351586733,0.6717674075143778,0.6717674075143778,0.6728464016580649,0.6728464016580649,0.8560504987413192,0.8560504987413192,0.8852929603664657,0.8852929603664657,0.8452277772153431,0.8452277772153431,0.6542116768144348,0.6542116768144348,0.7446448519153859,0.7446448519153859,0.0,0.0,0.0,0.0,0.0,0.0,0.0,0.0,0.9718985037818461,0.9718985037818461,0.0,0.0,0.0,0.0,0.0,0.0,0.0,0.0,0.9524734854830624,0.9524734854830624,0.0,0.0,0.0,0.0,0.0,0.0,0.0,0.0,0.9836294276580382,0.9836294276580382,0.0,0.0,0.0,0.0,0.0,0.0,0.0,0.0
24,0.20755299787654455,0.20755299787654455,0.22578741325631513,0.22578741325631513,0.1869991274791083,0.1869991274791083,0.012953638485048546,0.012953638485048546,0.17023723084875078,0.17023723084875078,2.4178587967535763,2.4178587967535763,2.0096516917412557,2.0096516917412557,2.1333214046634477,2.1333214046634477,1.3524232446109525,1.3524232446109525,2.034634594948084,2.034634594948084,0.60162374445404,0.60162374445404,0.5321139308088131,0.5321139308088131,0.4835111628628059,0.4835111628628059,0.43501052955418784,0.43501052955418784,0.5815884788105482,0.5815884788105482,0.4016732277920992,0.4016732277920992,0.3103385522264897,0.3103385522264897,0.5824421759974661,0.5824421759974661,0.5201665150923407,0.5201665150923407,0.28433128031017935,0.28433128031017935,0.8243305051789626,0.8243305051789626,0.7908025384787748,0.7908025384787748,0.5801184984901924,0.5801184984901924,0.8614010786759896,0.8614010786759896,0.6344825903214713,0.6344825903214713,0.430930236020029,0.430930236020029,0.6645021899862459,0.6645021899862459,0.5078020685217295,0.5078020685217295,0.37760324456182603,0.37760324456182603,0.48115679970540515,0.48115679970540515,0.24360870525677075,0.24360870525677075,0.5824292095400854,0.5824292095400854,0.6591177036707421,0.6591177036707421,0.5713390940165669,0.5713390940165669,0.2352612823618202,0.2352612823618202,0.8083509421525241,0.8083509421525241,0.5731115757873957,0.5731115757873957,0.8497812472644275,0.8497812472644275,0.9262999506165994,0.9262999506165994,0.6352326732540132,0.6352326732540132,0.7463609657303342,0.7463609657303342,0.6941273018826074,0.6941273018826074,1.0517926373594606,1.0517926373594606,0.6666498944631153,0.6666498944631153,0.7310168893309781,0.7310168893309781,0.6725369058182923,0.6725369058182923,0.5995586792073808,0.5995586792073808,0.8812957990756229,0.8812957990756229,0.7818407286238561,0.7818407286238561,0.8642794263722586,0.8642794263722586,0.9321246870925244,0.9321246870925244,0.7439572956489241,0.7439572956489241,0.39768270800408134,0.39768270800408134,0.916325856915104,0.916325856915104,0.7322844671112841,0.7322844671112841,0.9962130677085881,0.9962130677085881,0.511423439880371,0.511423439880371,0.700007853115024,0.700007853115024,0.8240788161906777,0.8240788161906777,0.8276716973757212,0.8276716973757212,0.9177089349981166,0.9177089349981166,0.0,0.0,0.0,0.0,0.0,0.0,0.0,0.0,1.0021908155155814,1.0021908155155814,0.0,0.0,0.0,0.0,0.0,0.0,0.0,0.0,0.913551639888536,0.913551639888536,0.0,0.0,0.0,0.0,0.0,0.0,0.0,0.0,1.005097865914716,1.005097865914716,0.0,0.0,0.0,0.0,0.0,0.0,0.0,0.0
25,0.17267092984991608,0.17267092984991608,0.125592773898687,0.125592773898687,0.14151457297292694,0.14151457297292694,0.11516045965719773,0.11516045965719773,0.07133146070457885,0.07133146070457885,1.4640093143793917,1.4640093143793917,1.4249164660322537,1.4249164660322537,1.9233731140521932,1.9233731140521932,2.308364203604829,2.308364203604829,0.049818869103293695,0.049818869103293695,0.7889322875029688,0.7889322875029688,0.23123797178695238,0.23123797178695238,0.4255287163229609,0.4255287163229609,0.4919466487127099,0.4919466487127099,0.5190071669765342,0.5190071669765342,-0.0033705762346717405,-0.0033705762346717405,0.17916321899957613,0.17916321899957613,0.2836069871117691,0.2836069871117691,0.6105533923166828,0.6105533923166828,0.41391936956618186,0.41391936956618186,0.6803918467785083,0.6803918467785083,0.8441671014750007,0.8441671014750007,0.8381306088414137,0.8381306088414137,0.749470942766988,0.749470942766988,0.8697849415683021,0.8697849415683021,0.626728681591977,0.626728681591977,0.45372330106937786,0.45372330106937786,0.377503226227208,0.377503226227208,0.37771809588762595,0.37771809588762595,0.5224806304214189,0.5224806304214189,0.4093818264152834,0.4093818264152834,0.676927301572006,0.676927301572006,0.8898773470466603,0.8898773470466603,0.18406302645769113,0.18406302645769113,0.25193719552660643,0.25193719552660643,0.788524607080682,0.788524607080682,0.8422133079110629,0.8422133079110629,0.7454399529222964,0.7454399529222964,0.6270285188262463,0.6270285188262463,0.9298460573690428,0.9298460573690428,0.7828892652715544,0.7828892652715544,0.8176605923189876,0.8176605923189876,0.6006400700166606,0.6006400700166606,0.68987575488471,0.68987575488471,0.9189620109703871,0.9189620109703871,0.7221093284094581,0.7221093284094581,0.8409894794851105,0.8409894794851105,0.7368000307310558,0.7368000307310558,0.6772350369802186,0.6772350369802186,0.7784057126175346,0.7784057126175346,0.8102141266982419,0.8102141266982419,0.6374414362878167,0.6374414362878167,0.6020755280661987,0.6020755280661987,0.6213815757639791,0.6213815757639791,0.6395211807294509,0.6395211807294509,0.8199309924629962,0.8199309924629962,0.9448064424989214,0.9448064424989214,0.7017168245669354,0.7017168245669354,0.7893872639338657,0.7893872639338657,0.7266194550777867,0.7266194550777867,0.7556985328463629,0.7556985328463629,0.0,0.0,0.0,0.0,0.0,0.0,0.0,0.0,0.9592857541570773,0.9592857541570773,0.0,0.0,0.0,0.0,0.0,0.0,0.0,0.0,0.9399651966694359,0.9399651966694359,0.0,0.0,0.0,0.0,0.0,0.0,0.0,0.0,0.9960415977394271,0.9960415977394271,0.0,0.0,0.0,0.0,0.0,0.0,0.0,0.0
26,0.08540240537284731,0.08540240537284731,0.13911231148691952,0.13911231148691952,0.20379666964034168,0.20379666964034168,0.16011989966531756,0.16011989966531756,0.06977142260018172,0.06977142260018172,2.632260759382269,2.632260759382269,2.6117936429794915,2.6117936429794915,1.35153936673386,1.35153936673386,3.315905009055063,3.315905009055063,1.413508015526848,1.413508015526848,0.7027397623045314,0.7027397623045314,0.5119842245007612,0.5119842245007612,0.41656873265036004,0.41656873265036004,0.6141665552460447,0.6141665552460447,0.596084489615742,0.596084489615742,0.18587208295727553,0.18587208295727553,0.6399186984203731,0.6399186984203731,0.17885084523013897,0.17885084523013897,0.2491286447309822,0.2491286447309822,0.6930906874040835,0.6930906874040835,0.6747642837906958,0.6747642837906958,0.851016271866929,0.851016271866929,0.81897631981774,0.81897631981774,0.5170030484904117,0.5170030484904117,0.7689977982288111,0.7689977982288111,0.4302902672735417,0.4302902672735417,0.6382380458582058,0.6382380458582058,0.5780493318234835,0.5780493318234835,0.5625993110787658,0.5625993110787658,0.6020089911865784,0.6020089911865784,0.5607526660908838,0.5607526660908838,0.9581482475496923,0.9581482475496923,0.5873296658421348,0.5873296658421348,0.8144839897304021,0.8144839897304021,0.7670956142094825,0.7670956142094825,0.807717535687479,0.807717535687479,0.780019106117428,0.780019106117428,0.69754342815327,0.69754342815327,0.7110408387740453,0.7110408387740453,0.5929047310432394,0.5929047310432394,0.6520010274951324,0.6520010274951324,0.6455700697818335,0.6455700697818335,0.8400089622865194,0.8400089622865194,0.6823594619595633,0.6823594619595633,0.8498082588043644,0.8498082588043644,0.7838395051965145,0.7838395051965145,0.5773120143262513,0.5773120143262513,0.6556026671860886,0.6556026671860886,0.6559167122220629,0.6559167122220629,0.9342785556751343,0.9342785556751343,0.858726782227434,0.858726782227434,0.6846203528890299,0.6846203528890299,0.8216110410039494,0.8216110410039494,0.923555322346135,0.923555322346135,0.5388558613753887,0.5388558613753887,0.7591749200658962,0.7591749200658962,0.7999550412975458,0.7999550412975458,0.8040155772425643,0.8040155772425643,0.6851463075765939,0.6851463075765939,0.8301942810464626,0.8301942810464626,0.7394351582542706,0.7394351582542706,0.0,0.0,0.0,0.0,0.0,0.0,0.0,0.0,0.8861966453006129,0.8861966453006129,0.0,0.0,0.0,0.0,0.0,0.0,0.0,0.0,1.002115145488805,1.002115145488805,0.0,0.0,0.0,0.0,0.0,0.0,0.0,0.0,0.9852205568627731,0.9852205568627731,0.0,0.0,0.0,0.0,0.0,0.0,0.0,0.0
27,0.16224053554776358,0.16224053554776358,0.24515147263189827,0.24515147263189827,0.10047773007753619,0.10047773007753619,0.10052211962727761,0.10052211962727761,0.10982157417422583,0.10982157417422583,2.118926240074181,2.118926240074181,0.22960999711757646,0.22960999711757646,3.0437390129283024,3.0437390129283024,1.7324364566963837,1.7324364566963837,2.769520824719521,2.769520824719521,0.4841058910647173,0.4841058910647173,0.5742876483707016,0.5742876483707016,0.623597365038165,0.623597365038165,0.5053091464743042,0.5053091464743042,0.42010880555642105,0.42010880555642105,0.42181442272285713,0.42181442272285713,0.4404398846035459,0.4404398846035459,0.2304718071240693,0.2304718071240693,0.20493281006279962,0.20493281006279962,0.36962489265910325,0.36962489265910325,0.7815870826977622,0.7815870826977622,0.6554802305898448,0.6554802305898448,0.4965263403740391,0.4965263403740391,0.7525405861075554,0.7525405861075554,0.5203038398721684,0.5203038398721684,0.5459998580311609,0.5459998580311609,0.5304217690303773,0.5304217690303773,0.34429331735848656,0.34429331735848656,0.4386979021498919,0.4386979021498919,0.41565205362022506,0.41565205362022506,0.2561178468801541,0.2561178468801541,0.10888514016618778,0.10888514016618778,0.2389565521017341,0.2389565521017341,0.4010277210187846,0.4010277210187846,0.900046254796294,0.900046254796294,0.5516469896965823,0.5516469896965823,0.5554526928437831,0.5554526928437831,0.7884888236403615,0.7884888236403615,0.7496567816053171,0.7496567816053171,0.976875712397695,0.976875712397695,0.548316702567696,0.548316702567696,0.8172592699532726,0.8172592699532726,0.9251136332615102,0.9251136332615102,0.6371024273507384,0.6371024273507384,0.6458905176336325,0.6458905176336325,0.6651816668596251,0.6651816668596251,0.8406801466934384,0.8406801466934384,0.7814234675637005,0.7814234675637005,0.6590804948685849,0.6590804948685849,0.6317176336007945,0.6317176336007945,0.8698922316178542,0.8698922316178542,0.8427354109400758,0.8427354109400758,0.7730354090177745,0.7730354090177745,0.5920653905403779,0.5920653905403779,0.680496124040894,0.680496124040894,0.7976665422493732,0.7976665422493732,0.91506474082571,0.91506474082571,0.9101057951274357,0.9101057951274357,1.0035820460643674,1.0035820460643674,0.6162016645134659,0.6162016645134659,0.8339999316571756,0.8339999316571756,0.0,0.0,0.0,0.0,0.0,0.0,0.0,0.0,0.9760756479900667,0.9760756479900667,0.0,0.0,0.0,0.0,0.0,0.0,0.0,0.0,0.9740667100812145,0.9740667100812145,0.0,0.0,0.0,0.0,0.0,0.0,0.0,0.0,1.0134529982322744,1.0134529982322744,0.0,0.0,0.0,0.0,0.0,0.0,0.0,0.0
28,0.20548658615049642,0.20548658615049642,0.1048726049113369,0.1048726049113369,0.08515861109651054,0.08515861109651054,0.19645217068192197,0.19645217068192197,0.12496940524742146,0.12496940524742146,2.0459024754437505,2.0459024754437505,3.1468498818275537,3.1468498818275537,2.4371844902951008,2.4371844902951008,0.16719803758729568,0.16719803758729568,1.6648712785196134,1.6648712785196134,0.4868815989540332,0.4868815989540332,0.46760837553786977,0.46760837553786977,0.5751137718907807,0.5751137718907807,0.3383044109900414,0.3383044109900414,0.32106256497504093,0.32106256497504093,0.2347964662287482,0.2347964662287482,0.3252175157144307,0.3252175157144307,0.4003196928889233,0.4003196928889233,0.10021099733713928,0.10021099733713928,0.40902453840017616,0.40902453840017616,0.7177095026375794,0.7177095026375794,0.6559077138728493,0.6559077138728493,0.7625095198238488,0.7625095198238488,0.550895865142701,0.550895865142701,0.5490267201089203,0.5490267201089203,0.8230247336376242,0.8230247336376242,0.6335491225082649,0.6335491225082649,0.6875684580867341,0.6875684580867341,0.5739753428293032,0.5739753428293032,0.3729266597390051,0.3729266597390051,0.23555930225803895,0.23555930225803895,0.8070515905554864,0.8070515905554864,0.936118612718537,0.936118612718537,0.19319464291560046,0.19319464291560046,0.7394326960804884,0.7394326960804884,0.6833416757819362,0.6833416757819362,0.7120469282707689,0.7120469282707689,0.7187572633943748,0.7187572633943748,0.6866974255097341,0.6866974255097341,0.7564089143425697,0.7564089143425697,0.7305083299418187,0.7305083299418187,0.6294614820954915,0.6294614820954915,0.8769643594269334,0.8769643594269334,0.9046336376804456,0.9046336376804456,0.9900507144535335,0.9900507144535335,0.5579200612803982,0.5579200612803982,0.8310867929225496,0.8310867929225496,0.8435330044849133,0.8435330044849133,0.8309146449691721,0.8309146449691721,0.6563930389282556,0.6563930389282556,0.6327632811912285,0.6327632811912285,0.6452741346565897,0.6452741346565897,1.0214679833991052,1.0214679833991052,0.7291406596950037,0.7291406596950037,0.5147103350709088,0.5147103350709088,0.7855468665523035,0.7855468665523035,0.7241567293426249,0.7241567293426249,0.6832186240242838,0.6832186240242838,0.9023741326960804,0.9023741326960804,0.8076433927816389,0.8076433927816389,0.7999882695413062,0.7999882695413062,0.0,0.0,0.0,0.0,0.0,0.0,0.0,0.0,0.9874897792531142,0.9874897792531142,0.0,0.0,0.0,0.0,0.0,0.0,0.0,0.0,0.9504677318501715,0.9504677318501715,0.0,0.0,0.0,0.0,0.0,0.0,0.0,0.0,0.9885688043792566,0.9885688043792566,0.0,0.0,0.0,0.0,0.0,0.0,0.0,0.0
29,0.08897319080447808,0.08897319080447808,0.101243789279678,0.101243789279678,0.1361651549361407,0.1361651549361407,0.1759608953607344,0.1759608953607344,0.07577952116765943,0.07577952116765943,0.39813623238325135,0.39813623238325135,2.539982289596714,2.539982289596714,0.7802142967751882,0.7802142967751882,2.25668391423481,2.25668391423481,3.012739959265887,3.012739959265887,0.7923497146801831,0.7923497146801831,0.6610971462330723,0.6610971462330723,0.46028115387483837,0.46028115387483837,0.6363664436725933,0.6363664436725933,0.4220763661125878,0.4220763661125878,0.40170717035118464,0.40170717035118464,0.5859100258194945,0.5859100258194945,0.3125537334186201,0.3125537334186201,0.3345283380119837,0.3345283380119837,0.16152881064441782,0.16152881064441782,0.8334495226646643,0.8334495226646643,0.6474294106961648,0.6474294106961648,0.7596278295900522,0.7596278295900522,0.8636475490608745,0.8636475490608745,0.5663210051666001,0.5663210051666001,0.7132350626263672,0.7132350626263672,0.4591671821340152,0.4591671821340152,0.5775286114393526,0.5775286114393526,0.5986781928650186,0.5986781928650186,0.5606411987130325,0.5606411987130325,0.6253187522336828,0.6253187522336828,1.0919502131068568,1.0919502131068568,1.0058981172129235,1.0058981172129235,0.7810214183803594,0.7810214183803594,0.7425262894910694,0.7425262894910694,0.7462874350530609,0.7462874350530609,0.6955458453799466,0.6955458453799466,0.7088457607144009,0.7088457607144009,0.5126447493662103,0.5126447493662103,0.8945977663182652,0.8945977663182652,1.0091246778787921,1.0091246778787921,0.6992691925357479,0.6992691925357479,0.6553750254201673,0.6553750254201673,0.6729385348407928,0.6729385348407928,0.589453169392932,0.589453169392932,0.6727582227505007,0.6727582227505007,0.7570315331885902,0.7570315331885902,0.6368042365055567,0.6368042365055567,0.8136969672928152,0.8136969672928152,0.8524302488177812,0.8524302488177812,0.7205244893170867,0.7205244893170867,0.7626594441358437,0.7626594441358437,0.8477466931348432,0.8477466931348432,1.0122356597569138,1.0122356597569138,0.8331598201168016,0.8331598201168016,0.8273722320504309,0.8273722320504309,0.8899456915884058,0.8899456915884058,0.5221740358204604,0.5221740358204604,0.6286502925029135,0.6286502925029135,0.7185718092937312,0.7185718092937312,0.675453949886869,0.675453949886869,0.0,0.0,0.0,0.0,0.0,0.0,0.0,0.0,0.9672220166602851,0.9672220166602851,0.0,0.0,0.0,0.0,0.0,0.0,0.0,0.0,1.0050238839645969,1.0050238839645969,0.0,0.0,0.0,0.0,0.0,0.0,0.0,0.0,0.9638150688331104,0.9638150688331104,0.0,0.0,0.0,0.0,0.0,0.0,0.0,0.0
30,0.11504692756573132,0.11504692756573132,0.1683345846794098,0.1683345846794098,0.16753422390744244,0.16753422390744244,0.20784577451630787,0.20784577451630787,0.15049542758075407,0.15049542758075407,2.157737086872675,2.157737086872675,1.7355122211766811,1.7355122211766811,0.7910676726550063,0.7910676726550063,3.1410700344416798,3.1410700344416798,3.778282571448555,3.778282571448555,0.40373429843400876,0.40373429843400876,0.5681632938861353,0.5681632938861353,0.4333402266673719,0.4333402266673719,0.2828253791606192,0.2828253791606192,0.48559280438735636,0.48559280438735636,0.376739280116995,0.376739280116995,0.27470497365559615,0.27470497365559615,0.4691254176793165,0.4691254176793165,0.12540032256921885,0.12540032256921885,0.030319359443918725,0.030319359443918725,0.8578074565629132,0.8578074565629132,0.7531220804910665,0.7531220804910665,0.5952916982302427,0.5952916982302427,0.6622762024082144,0.6622762024082144,0.7023072981868873,0.7023072981868873,0.45976084804136297,0.45976084804136297,0.4076921229220739,0.4076921229220739,0.6719764245646471,0.6719764245646471,0.6762182690341777,0.6762182690341777,0.7484701301447769,0.7484701301447769,0.7535821433468699,0.7535821433468699,0.31578593841064656,0.31578593841064656,0.5860877861206075,0.5860877861206075,0.15848602930809075,0.15848602930809075,0.5014813284620913,0.5014813284620913,1.0524251115861942,1.0524251115861942,0.6229666523849314,0.6229666523849314,0.5282775409420788,0.5282775409420788,0.8215502725828523,0.8215502725828523,0.8090263392584346,0.8090263392584346,0.8705990607208327,0.8705990607208327,0.936222872922589,0.936222872922589,0.6609289219166987,0.6609289219166987,0.8085724798270059,0.8085724798270059,0.8760640318047223,0.8760640318047223,0.6482982516283857,0.6482982516283857,0.8724771605919,0.8724771605919,0.5513316234137031,0.5513316234137031,0.7324002237793706,0.7324002237793706,0.7052573895405528,0.7052573895405528,0.7049710333303412,0.7049710333303412,0.7378361149492648,0.7378361149492648,0.8942756984625972,0.8942756984625972,0.8069456177544272,0.8069456177544272,0.6459756673261714,0.6459756673261714,0.7276209017149944,0.7276209017149944,0.8589213736724693,0.8589213736724693,0.5705523278581097,0.5705523278581097,0.8252179667530904,0.8252179667530904,0.47810854547972953,0.47810854547972953,0.730246044142757,0.730246044142757,0.0,0.0,0.0,0.0,0.0,0.0,0.0,0.0,0.9463898190238701,0.9463898190238701,0.0,0.0,0.0,0.0,0.0,0.0,0.0,0.0,0.9695462143939235,0.9695462143939235,0.0,0.0,0.0,0.0,0.0,0.0,0.0,0.0,1.0016326922209458,1.0016326922209458,0.0,0.0,0.0,0.0,0.0,0.0,0.0,0.0
